,Metric,Values
0,Accuracy,0.909706546275395
1,ROC-AUC,0.9860754332313966
2,F1_Score,0.9107142857142856
3,Precision,0.9147982062780269
4,Sensitivity,0.9066666666666666
5,Specificity,0.9128440366972477
6,Matthews_Correlation Coefficient ,0.8194271778371863
7,Geometric_Mean,0.9097501085126827
